company_name,gics_sector,n_reviews,mined_b01_mean_score,mined_b01_n_scored,mined_b02_mean_score,mined_b02_n_scored,mined_b03_mean_score,mined_b03_n_scored,mined_b04_mean_score,mined_b04_n_scored,mined_b05_mean_score,mined_b05_n_scored,mined_b06_mean_score,mined_b06_n_scored,mined_b07_mean_score,mined_b07_n_scored,mined_b08_mean_score,mined_b08_n_scored,mined_b09_mean_score,mined_b09_n_scored,mined_b10_mean_score,mined_b10_n_scored,mined_b11_mean_score,mined_b11_n_scored,mined_b12_mean_score,mined_b12_n_scored,expert_b01_mean_score,expert_b01_n_scored,expert_b02_mean_score,expert_b02_n_scored,expert_b03_mean_score,expert_b03_n_scored,expert_b04_mean_score,expert_b04_n_scored,expert_b05_mean_score,expert_b05_n_scored,expert_b06_mean_score,expert_b06_n_scored,expert_b07_mean_score,expert_b07_n_scored,expert_b08_mean_score,expert_b08_n_scored,expert_b09_mean_score,expert_b09_n_scored,expert_b10_mean_score,expert_b10_n_scored,expert_b11_mean_score,expert_b11_n_scored,expert_b12_mean_score,expert_b12_n_scored
3i Group,Financials,67,0.0,6,0.3909,14,0.0786,12,0.0527,10,0.3333,6,0.7547,11,0.6713,22,-0.4374,12,0.25,8,0.2,5,0.1429,7,-1.0,7,,0,,0,1.0,1,,0,1.0,1,,0,,0,,0,,0,0.0,2,,0,-1.0,1
ABN AMRO,Financials,1264,-0.0133,87,-0.1564,244,0.179,132,0.0665,197,0.2858,118,0.1462,175,0.5825,404,-0.4587,219,0.2709,87,-0.2223,171,0.2782,69,-0.1158,118,-1.0,2,-0.5556,9,0.625,16,,0,0.3333,9,-0.5,4,-1.0,2,-0.9167,12,1.0,11,-0.9091,11,1.0,1,0.6,10
AXA Group,Financials,248,0.4118,17,-0.2049,35,0.3333,27,0.1145,32,0.5862,29,0.2897,32,0.6409,75,-0.6218,39,0.0526,19,0.2053,23,0.6438,14,-0.2,25,,0,0.0,2,1.0,1,,0,1.0,1,,0,,0,-1.0,2,0.3333,3,,0,,0,0.3333,3
Absa,Financials,1419,-0.3141,82,0.1117,293,0.2011,75,-0.0916,175,0.3782,123,0.3732,179,0.6589,386,-0.3826,257,0.2773,143,0.0851,152,0.0346,50,-0.1807,104,,0,-0.3333,3,0.4286,7,-1.0,2,0.6,5,1.0,6,-0.3333,9,-0.6923,13,0.3333,18,,0,,0,0.2727,11
Admiral Group,Financials,530,-0.0652,46,-0.5908,76,0.5671,42,0.1523,74,0.1398,52,0.5273,88,0.5746,85,-0.0846,112,0.2929,88,0.0075,55,0.1722,25,-0.2299,41,,0,,0,0.5,4,-1.0,1,,0,1.0,2,,0,-1.0,3,0.6667,18,,0,,0,0.2,5
Affirm,Financials,634,-0.2183,67,-0.0493,188,0.5475,87,-0.1238,132,0.368,111,0.3587,121,0.6387,193,-0.5831,174,0.0733,94,-0.1482,127,0.3845,63,-0.3384,102,,0,0.0,2,0.0,2,,0,1.0,2,1.0,1,,0,-0.75,8,-0.4667,15,0.3333,3,1.0,1,0.7143,7
Aflac,Financials,4855,-0.115,265,-0.4189,1356,0.3235,242,0.1326,689,0.0827,377,0.7359,1442,0.6806,1107,-0.2147,956,0.2103,740,-0.1078,315,0.33,353,-0.4766,248,1.0,6,0.0,2,-0.2,10,,0,-0.3103,29,1.0,2,-1.0,1,-0.3571,14,0.625,32,,0,0.4,5,-0.0909,11
Ageas,Financials,377,-0.097,39,-0.4883,54,0.0819,27,0.2316,59,0.5473,56,0.3303,68,0.3491,90,-0.4792,69,0.0887,74,0.0052,53,-0.0872,22,-0.2651,42,-1.0,1,-0.3333,3,0.0,2,-1.0,1,1.0,3,1.0,1,0.0,1,-0.6667,6,0.4286,7,0.0,2,,0,-1.0,1
Agricultural Bank of China,Financials,60,0.3333,3,-0.0909,11,-0.1429,7,-1.0,4,0.3333,3,0.6725,8,0.1667,12,-0.1429,7,0.48,4,0.4286,7,,0,-1.0,5,,0,,0,,0,,0,,0,,0,,0,,0,1.0,1,,0,,0,,0
AllianceBernstein,Asset Management/Other,1391,-0.2285,78,-0.2351,377,0.3805,194,-0.1313,146,0.3202,194,0.3346,245,0.6998,391,-0.3737,333,-0.0229,210,0.1546,151,0.3797,107,-0.1797,130,-0.3333,3,-0.8,10,0.2,10,-1.0,1,-1.0,1,1.0,1,,0,-0.0417,24,0.1667,12,-1.0,1,1.0,2,0.6667,12
Allianz Group,Financials,7684,-0.1597,433,-0.1887,1126,0.2575,743,0.08,1088,0.4493,722,0.1993,1152,0.548,2016,-0.4928,1300,0.1644,854,0.1436,928,0.1657,401,-0.1163,641,0.1429,7,-0.125,16,0.36,25,-0.5,4,0.6471,34,0.7143,7,-0.5385,13,-0.5056,89,0.6198,121,-1.0,9,1.0,2,0.434,53
Ameriprise Financial,Financials,3980,-0.2481,213,-0.1568,956,0.357,320,-0.0402,522,0.0173,322,0.3297,888,0.6083,1035,-0.4775,769,0.2268,552,0.2147,424,0.2196,284,-0.3853,291,-1.0,2,-0.3333,12,0.0435,23,-1.0,1,0.5714,7,1.0,6,-0.7143,7,-0.8182,33,0.2308,39,,0,0.6667,6,-0.625,16
Amundi,Financials,493,-0.2308,26,-0.2174,81,0.0569,39,0.1395,43,0.3404,47,0.5136,66,0.6003,126,-0.3556,60,0.1411,47,0.3514,37,-0.1254,22,-0.5694,43,,0,-1.0,1,1.0,1,,0,0.6,5,,0,,0,,0,1.0,6,,0,,0,-1.0,3
Apollo Global Management,Financials,495,-0.0742,35,-0.0944,133,0.6882,78,0.0785,56,0.3556,69,0.0818,61,0.8405,138,-0.4067,121,0.1328,68,0.228,51,0.4899,39,-0.3755,50,1.0,2,-0.5,4,1.0,2,,0,1.0,1,,0,1.0,1,-0.4286,7,-0.1429,7,,0,,0,-0.2,5
Ares Management,Financials,510,-0.2243,31,0.0834,163,0.2993,67,-0.0841,74,0.0538,86,0.3051,79,0.603,169,-0.5373,142,-0.2062,89,0.2285,77,0.1112,48,-0.3135,46,,0,0.6,5,1.0,4,-1.0,1,-0.2,5,,0,,0,-0.5556,9,-0.2632,19,-1.0,1,,0,0.0,4
BNP Paribas,Financials,80,0.3907,4,-0.2874,8,0.1429,7,-0.0237,10,0.5448,20,0.4286,7,0.3333,21,-0.5481,10,0.0343,8,0.0,6,-0.2,5,0.0,6,,0,,0,1.0,1,,0,1.0,2,,0,,0,-1.0,1,0.0,2,,0,,0,1.0,1
BNY Investments,Financials,15099,-0.2446,796,-0.2666,3790,0.0691,1090,-0.1469,1720,0.2898,1343,0.1053,1893,0.4911,3889,-0.3393,2868,-0.1315,1680,0.1011,1864,0.225,770,-0.3039,1253,0.0,6,-0.8308,130,-0.1613,31,-1.0,6,-0.1724,58,0.7143,7,-0.9231,26,-0.6319,144,0.2931,174,-0.75,16,0.5556,9,0.5543,93
BlackRock,Financials,7454,-0.0852,386,-0.183,1667,0.4397,1112,-0.1308,960,0.1963,898,0.1277,1210,0.7571,2150,-0.4149,1599,0.1008,671,0.0735,689,0.398,381,-0.0737,666,-0.2,5,-0.3333,15,0.3896,77,-1.0,3,0.36,25,0.3333,9,0.0,2,-0.4316,141,0.044,91,-0.5,12,0.6,10,0.5,68
Blackstone,Financials,996,-0.0561,41,-0.0105,168,0.5087,143,-0.0998,76,0.0342,111,0.4235,86,0.8839,295,-0.2974,149,-0.196,64,0.3862,39,0.3983,61,-0.3704,49,-1.0,1,1.0,1,-1.0,2,,0,0.0,4,,0,,0,-0.0667,15,-0.2,5,-1.0,1,,0,0.1429,7
Brookfield,Financials,562,0.0,34,0.2025,113,0.3899,75,-0.2481,61,0.3221,69,0.2411,70,0.8529,165,-0.4564,111,-0.3519,89,0.5942,47,0.4644,30,-0.345,59,,0,,0,-1.0,3,-1.0,1,,0,,0,,0,-0.6667,6,-0.3636,11,,0,,0,-0.4,10
CVC Capital Partners,Financials,79,-0.4286,7,-0.1573,17,1.0,5,0.1111,9,0.7143,7,0.2082,8,0.6858,18,-0.2423,16,0.1934,15,-0.0295,7,-0.1231,8,0.0,2,,0,,0,,0,,0,,0,,0,,0,,0,1.0,2,,0,,0,,0
Capital Group,Asset Management/Other,2581,0.3956,245,-0.1387,685,0.3,344,0.0687,470,0.1902,407,0.2454,481,0.4909,728,-0.4332,693,0.1427,306,-0.028,467,0.3271,242,-0.2583,281,0.92,25,-0.7143,14,0.5484,31,0.0,4,-0.3333,12,0.3333,3,-0.8182,11,-0.6571,35,0.2571,35,1.0,1,0.8,20,0.2414,29
Carlyle Group,Financials,386,-0.2514,28,-0.0975,92,0.2151,40,-0.3028,39,0.1671,53,-0.0417,47,0.7702,109,-0.2715,76,-0.3609,47,-0.1282,39,0.1667,24,-0.1176,35,,0,,0,1.0,1,,0,1.0,1,-1.0,1,,0,-1.0,5,0.6667,6,,0,-1.0,1,0.7143,7
Dimensional Fund Advisors,Asset Management/Other,530,0.1776,39,0.0275,178,0.4214,80,0.0477,106,0.2602,64,0.251,108,0.476,180,-0.4751,148,-0.2678,64,-0.1427,64,0.1444,50,-0.5773,69,1.0,1,-1.0,2,0.0,4,,0,,0,1.0,1,-1.0,2,-0.6667,6,0.1429,7,,0,0.0,2,-0.4,10
Equitable Holdings,Financials,946,-0.1285,59,-0.3938,221,0.1827,63,0.0396,119,0.1064,103,0.5626,177,0.5857,240,-0.3429,180,0.1461,113,0.1571,127,-0.1041,51,-0.3301,89,-1.0,1,-0.8182,11,0.3333,3,-1.0,1,-1.0,3,1.0,1,,0,-0.75,4,0.8462,13,-1.0,1,0.5,4,0.0,10
Eurazeo,Asset Management/Other,34,1.0,1,0.5,8,1.0,4,-1.0,1,0.4286,7,,0,0.7143,14,0.0,2,-1.0,3,1.0,1,,0,0.2,5,,0,,0,,0,,0,0.0,2,,0,,0,,0,-1.0,2,,0,,0,,0
Federated Hermes,Asset Management/Other,185,0.4615,13,-0.1836,40,0.4228,24,-0.1136,26,0.4741,24,0.2667,30,0.415,44,-0.4977,34,-0.003,21,0.1794,17,0.3596,17,-0.4286,14,,0,,0,1.0,1,-1.0,1,,0,,0,-1.0,2,,0,0.2,5,,0,1.0,3,-1.0,1
Fidelity International,Asset Management/Other,3014,0.0682,237,-0.0258,686,0.4243,443,0.2016,478,0.3876,247,0.0672,490,0.5905,760,-0.4806,675,0.4099,367,-0.1732,381,0.4162,185,-0.1544,269,0.5,8,-0.8,20,0.2632,19,1.0,1,0.3333,6,1.0,10,-1.0,5,-0.5652,46,0.6981,53,-0.2,5,1.0,4,0.7647,34
Fidelity Investments,Asset Management/Other,20656,-0.0853,1174,-0.0193,4715,0.2579,1745,-0.0823,2269,0.0811,1984,0.3393,3606,0.6634,5338,-0.4446,3971,0.3713,1849,0.1942,2821,0.379,1123,-0.2677,1140,0.56,25,-0.6818,66,-0.1528,72,-1.0,8,-0.1111,36,0.7143,28,-0.75,32,-0.479,167,0.7708,240,-0.5556,9,0.7419,31,0.1696,112
Franklin Templeton,Asset Management/Other,2342,0.1196,155,0.0015,609,0.2815,212,0.0956,285,0.4095,191,0.1847,338,0.5188,626,-0.3113,433,0.37,237,0.298,302,0.4808,107,-0.4472,181,0.0,6,-0.8667,15,0.7647,17,-1.0,2,0.4286,7,,0,-1.0,8,-0.3636,22,0.8235,34,,0,,0,0.4615,13
Goldman Sachs Group,Financials,23333,-0.1426,962,-0.2387,4715,0.614,3050,-0.1812,1836,0.0064,3347,0.0026,2402,0.8074,6914,-0.3616,3993,0.0513,1767,0.2295,1156,0.3971,1135,-0.046,1358,-0.1111,9,-0.5161,62,0.5474,190,-0.7143,14,0.0208,96,0.3333,9,-0.7333,15,-0.2074,434,0.1241,266,-0.7143,7,0.0,2,0.4831,89
HDFC Asset Management,Financials,342,-0.2857,14,0.1819,107,0.2305,42,-0.3892,30,0.1754,26,0.658,30,0.6141,75,-0.1846,56,0.8595,34,0.2727,22,0.0833,24,-0.8333,12,,0,,0,,0,,0,0.0,2,,0,,0,-1.0,2,0.8182,11,,0,,0,,0
Invesco,Asset Management/Other,2202,-0.0497,94,-0.0992,554,0.4745,234,-0.0701,253,0.2976,238,0.2609,285,0.5608,533,-0.4739,443,0.1849,246,0.1167,335,-0.0411,90,-0.4361,188,,0,-0.4286,21,0.5,12,-1.0,1,0.5,8,1.0,1,-1.0,1,-0.75,32,0.871,31,-1.0,2,1.0,1,-0.4444,18
J.P. Morgan Chase,Financials,16659,-0.137,894,-0.1388,3459,0.2035,1434,-0.3528,2003,0.1387,1732,0.1493,2929,0.6915,4941,-0.4323,3624,0.1041,1548,0.2793,1845,0.189,955,-0.0244,1166,0.3333,6,-0.7021,47,0.2329,73,-0.8462,13,0.087,46,0.5,8,-0.625,16,-0.5806,217,0.2545,165,-1.0,3,0.875,16,0.4717,106
Julius Baer,Financials,819,-0.2579,61,-0.0582,122,0.3559,91,-0.2644,167,0.7224,137,0.2045,127,0.6973,195,-0.6317,151,0.5711,95,-0.1793,75,0.5625,32,-0.0212,68,,0,-0.8182,11,0.6364,11,,0,1.0,14,,0,,0,-0.2,5,0.75,24,0.3333,6,1.0,1,0.5,8
KKR,Financials,570,-0.2174,23,-0.0522,99,0.2497,80,-0.2157,40,0.3689,68,0.2864,50,0.7319,140,-0.3767,109,0.1913,70,0.3226,42,0.5595,35,-0.4922,32,,0,-1.0,1,0.0,2,,0,0.5,4,,0,,0,-0.5455,11,0.6364,11,-1.0,1,0.0,2,0.3333,3
Legal & General Group,Financials,1261,-0.2146,116,-0.3145,145,0.212,116,0.3019,243,0.4363,144,0.3572,222,0.5219,285,-0.3798,218,0.199,172,-0.062,219,0.0875,71,-0.1854,146,-1.0,1,-0.7143,7,0.3333,3,,0,0.3333,3,1.0,1,-1.0,7,-0.2,5,0.28,25,-0.3333,3,1.0,3,0.5,20
M&G plc,Financials,935,0.0769,90,-0.1514,175,0.4074,119,0.3296,177,0.5711,101,0.2398,163,0.4951,226,-0.5349,170,0.2759,153,-0.2408,176,0.1248,50,-0.424,114,-1.0,1,-0.8421,19,0.6,5,-1.0,1,1.0,2,1.0,1,,0,-1.0,7,0.4615,26,-0.2,5,,0,0.6,10
Morgan Stanley Inv. Mgmt.,Financials,23938,-0.148,1136,-0.2162,5043,0.5087,2703,-0.2085,2392,0.2037,3020,0.1114,3621,0.6964,6635,-0.3358,4221,0.2127,2349,0.2444,1868,0.3868,1195,-0.0841,1667,0.2,15,-0.6703,91,0.5031,161,-0.8462,13,0.0189,106,0.6,15,-0.75,24,-0.3673,275,0.5566,309,0.1111,9,0.875,32,0.5311,177
Natixis Investment Managers,Asset Management/Other,1740,-0.2717,94,-0.1465,268,0.2636,187,-0.0786,173,0.5671,225,0.4622,231,0.5638,454,-0.4904,253,-0.0648,176,0.3209,157,0.281,89,-0.2894,202,-1.0,1,-0.7143,7,0.3333,9,-1.0,2,0.9286,28,,0,-1.0,1,-0.3333,12,0.6471,17,0.0,2,1.0,1,-0.2308,13
Northern Trust,Financials,6872,-0.0796,351,-0.1428,1721,0.4959,734,-0.0341,770,0.2182,767,0.11,990,0.4809,1742,-0.3684,1265,0.1066,737,0.3263,772,0.6722,791,-0.097,562,0.5,4,-0.6429,56,0.5745,47,-0.2,5,0.0769,13,1.0,5,-0.7561,41,-0.697,66,0.5238,105,-0.3333,3,1.0,9,0.4737,57
Nuveen,Asset Management/Other,458,0.1333,30,-0.1399,114,0.3272,41,0.0627,67,0.318,50,0.2551,62,0.6807,108,-0.3041,76,-0.028,43,-0.0676,91,0.1814,28,-0.4109,43,,0,-0.6667,6,-1.0,1,,0,1.0,1,,0,,0,-1.0,3,1.0,2,1.0,1,1.0,2,0.0,4
PIMCO,Asset Management/Other,1132,-0.1135,62,-0.0062,271,0.5719,180,-0.2542,93,-0.0264,154,0.1694,182,0.7263,354,-0.4309,257,-0.2188,134,0.143,76,0.4267,61,-0.2676,106,0.0,2,1.0,1,0.5,4,-1.0,1,-0.3333,3,0.0,2,,0,-0.3871,31,-0.5556,18,,0,,0,0.125,16
Partners Group,Financials,519,0.1507,61,0.0307,198,0.3637,86,-0.2145,117,0.3466,82,0.5067,130,0.565,199,-0.4081,156,-0.3871,84,-0.0526,60,0.3576,60,-0.5097,67,-1.0,1,-1.0,3,0.375,8,-1.0,3,0.0,4,,0,,0,-0.2727,11,-0.1429,14,-1.0,1,-1.0,1,-1.0,2
Robeco,Asset Management/Other,135,-0.6845,12,0.3766,30,0.6691,26,0.0624,23,0.1667,12,0.1921,16,0.7424,31,-0.3571,16,-0.0618,12,0.0769,13,0.4545,11,-0.5525,11,1.0,1,,0,1.0,4,,0,,0,,0,,0,,0,,0,,0,,0,1.0,1
Schroders,Financials,1419,0.2707,128,-0.1587,233,0.4712,194,0.1475,217,0.5379,164,0.2701,240,0.5232,342,-0.563,257,0.2708,193,-0.1452,225,0.1743,90,-0.3456,204,0.6667,6,-0.2941,17,0.8,10,-1.0,1,0.7778,9,,0,-1.0,6,-0.3333,18,0.2,35,0.0,6,1.0,4,0.3333,24
Sofina,Financials,17,1.0,1,1.0,3,,0,,0,1.0,1,-1.0,1,0.8016,7,,0,1.0,1,-1.0,2,-1.0,1,1.0,1,,0,,0,,0,,0,,0,,0,,0,,0,1.0,1,,0,,0,,0
State Street,Financials,11698,-0.1375,671,-0.3228,2822,-0.0356,760,-0.0618,1479,0.3563,1065,0.2114,1423,0.6334,3356,-0.3253,2270,-0.1442,1393,0.2529,1247,0.1824,515,-0.3207,892,1.0,3,-0.8679,106,-0.3125,32,-1.0,3,0.1304,23,1.0,2,-1.0,8,-0.7975,79,0.4242,99,-0.6364,11,0.5,4,0.3846,39
T. Rowe Price,Financials,2229,-0.0003,141,-0.0697,537,0.2122,213,0.1152,269,0.309,327,0.2103,396,0.5719,625,-0.4376,470,0.1497,269,0.1133,394,0.1813,150,-0.1693,213,1.0,5,0.3333,3,-0.5,4,-1.0,1,-0.2,5,1.0,1,-1.0,8,-0.6154,26,0.6667,24,0.0,2,1.0,3,0.4615,26
UBS Group,Financials,17385,-0.0902,888,-0.1623,3584,0.317,1869,-0.2103,2455,0.3887,1986,0.1796,2401,0.6027,4634,-0.2544,3231,0.1807,1690,0.0173,1830,0.2386,845,-0.158,1246,0.2,15,-0.782,133,0.2976,84,-0.7895,19,0.3731,67,0.2,5,-0.6957,46,-0.4372,154,0.5136,220,-0.2667,30,0.7778,9,0.5361,97
Vanguard Group,Asset Management/Other,6916,-0.0457,447,-0.2546,1876,-0.0091,573,-0.0581,1011,0.0786,855,0.3408,1474,0.4995,1947,-0.4493,1590,0.0637,659,0.2137,1114,0.3847,545,-0.2414,611,0.6,10,-0.625,16,-0.2308,26,-1.0,1,-0.375,16,0.7,20,-0.84,25,-0.8113,53,0.375,56,,0,1.0,23,0.2308,52
Wellington Management,Asset Management/Other,1021,0.2512,75,0.2091,261,0.5491,152,0.0266,130,0.5057,169,0.2412,142,0.6423,308,-0.3475,225,0.3276,100,-0.1059,123,0.4204,76,-0.2329,101,1.0,4,-1.0,2,1.0,5,-1.0,1,1.0,1,1.0,4,-1.0,3,-0.3333,27,0.5,20,-1.0,1,1.0,5,-0.125,8
